duration,duration_noSilence,voiced,voiced_noSilence,amEnvDep_mean,amEnvDep_median,amEnvDep_sd,amEnvDepVoiced_mean,amEnvDepVoiced_median,amEnvDepVoiced_sd,amEnvFreq_mean,amEnvFreq_median,amEnvFreq_sd,amEnvFreqVoiced_mean,amEnvFreqVoiced_median,amEnvFreqVoiced_sd,amEnvPurity_mean,amEnvPurity_median,amEnvPurity_sd,amEnvPurityVoiced_mean,amEnvPurityVoiced_median,amEnvPurityVoiced_sd,amMsFreq_mean,amMsFreq_median,amMsFreq_sd,amMsFreqVoiced_mean,amMsFreqVoiced_median,amMsFreqVoiced_sd,amMsPurity_mean,amMsPurity_median,amMsPurity_sd,amMsPurityVoiced_mean,amMsPurityVoiced_median,amMsPurityVoiced_sd,ampl_mean,ampl_median,ampl_sd,ampl_noSilence_mean,ampl_noSilence_median,ampl_noSilence_sd,amplVoiced_mean,amplVoiced_median,amplVoiced_sd,CPP_mean,CPP_median,CPP_sd,dom_mean,dom_median,dom_sd,domVoiced_mean,domVoiced_median,domVoiced_sd,entropy_mean,entropy_median,entropy_sd,entropyVoiced_mean,entropyVoiced_median,entropyVoiced_sd,f1_freq_mean,f1_freq_median,f1_freq_sd,f1_width_mean,f1_width_median,f1_width_sd,f2_freq_mean,f2_freq_median,f2_freq_sd,f2_width_mean,f2_width_median,f2_width_sd,f3_freq_mean,f3_freq_median,f3_freq_sd,f3_width_mean,f3_width_median,f3_width_sd,flux_mean,flux_median,flux_sd,fmDep_mean,fmDep_median,fmDep_sd,fmFreq_mean,fmFreq_median,fmFreq_sd,fmPurity_mean,fmPurity_median,fmPurity_sd,harmEnergy_mean,harmEnergy_median,harmEnergy_sd,harmHeight_mean,harmHeight_median,harmHeight_sd,HNR_mean,HNR_median,HNR_sd,HNRVoiced_mean,HNRVoiced_median,HNRVoiced_sd,loudness_mean,loudness_median,loudness_sd,loudnessVoiced_mean,loudnessVoiced_median,loudnessVoiced_sd,novelty_mean,novelty_median,novelty_sd,noveltyVoiced_mean,noveltyVoiced_median,noveltyVoiced_sd,peakFreq_mean,peakFreq_median,peakFreq_sd,peakFreqVoiced_mean,peakFreqVoiced_median,peakFreqVoiced_sd,pitch_mean,pitch_median,pitch_sd,quartile25_mean,quartile25_median,quartile25_sd,quartile25Voiced_mean,quartile25Voiced_median,quartile25Voiced_sd,quartile50_mean,quartile50_median,quartile50_sd,quartile50Voiced_mean,quartile50Voiced_median,quartile50Voiced_sd,quartile75_mean,quartile75_median,quartile75_sd,quartile75Voiced_mean,quartile75Voiced_median,quartile75Voiced_sd,roughness_mean,roughness_median,roughness_sd,roughnessVoiced_mean,roughnessVoiced_median,roughnessVoiced_sd,specCentroid_mean,specCentroid_median,specCentroid_sd,specCentroidVoiced_mean,specCentroidVoiced_median,specCentroidVoiced_sd,specSlope_mean,specSlope_median,specSlope_sd,specSlopeVoiced_mean,specSlopeVoiced_median,specSlopeVoiced_sd,subDep_mean,subDep_median,subDep_sd,subRatio_mean,subRatio_median,subRatio_sd,ID,nationality,emotion
3.072,3.05,0.074380165,0.264705882,0.222840159,0.170494301,0.158598898,0.183840919,0.166863817,0.12814838,27.06530284,26.18528288,8.901645345,24.54041679,25.57943629,6.902652986,-16.83737633,-17.03144383,1.80258828,-16.05620328,-14.91189493,2.161457346,40.06453423,40.99326599,12.22310983,40.07669285,39.8989899,6.369340739,-9.941999718,-10.83629673,2.889700873,-11.19616237,-11.03302745,1.300389246,0.000844192,0.000661511,0.000538444,0.001488571,0.001284811,0.000643381,0.001572809,0.001273384,0.000723478,8.847236948,9.653519601,2.029962079,152.5531909,141.2446251,55.7623033,166.2096296,153.2732523,67.09637523,0.364488053,0.337673225,0.096791262,0.418880925,0.487561698,0.117862925,1576.462941,1206.63,1419.545224,355.8357816,357.457362,115.9965005,3139.551765,3013.96,1598.174778,381.8336388,430.7769384,149.9410111,5197.219118,4233.065,3222.29911,304.7100949,250.6079099,166.4871458,0.104819581,4.80E-06,0.269037322,1.394712934,0.617966085,1.118813689,5.143791075,5,0.305026933,-20.67056061,-20.84802243,2.172189929,1.051911954,0.904646496,1.607327102,3476.562006,2907.617889,3446.72485,4.734744884,3.909079897,6.293412248,8.795055855,7.27171844,3.23006411,1.488402411,1.429822734,0.386193951,1.434547145,1.368302486,0.379911664,-0.128015044,-0.190752347,0.351254911,-0.062785721,0.03960326,0.383211029,735.8823529,140,2518.959763,113.3333333,100,54.77225575,2081.052147,2378.861498,1110.826943,1491.176471,520,2059.521517,373.3333333,400,245.9674775,4294.705882,4310,3779.935253,3520,3760,2790.913829,8534.705882,9890,5307.639569,8308.888889,9240,3939.303379,23.67859856,24.36366702,2.318040227,22.44013126,22.74087343,1.930689329,6169.711298,6153.318308,2849.517464,5625.568519,5984.547573,1922.663798,-0.6979602,-0.749342414,0.278560151,-0.732831664,-0.702690932,0.19944761,0.368511794,0.427602135,0.195456195,3.25,4,1.035098339,1376de09f40d486315513687755d9e0d,Chinese,Happy
2.474666667,2.45,0.06185567,0.315789474,0.120925966,0.084362504,0.088938691,0.076392523,0.084362504,0.018015592,13.83299562,13.13111254,2.941419095,12.83575722,12.86726203,0.311373006,-16.91431041,-17.05967523,2.527748082,-17.89310456,-20.11471544,3.453450358,74.72753854,68.18181818,31.76369591,65.27777778,50.50505051,33.27325662,-15.30551218,-15.35037664,4.590744167,-15.64485611,-13.90679001,3.812717072,0.001361602,0.000625016,0.002152966,0.004244728,0.002953928,0.003647192,0.003055345,0.001977854,0.002463596,8.132245432,8.241641998,0.621216882,125.1964435,101.0777883,65.98572821,101.9658655,102.8832934,3.039836852,0.303810756,0.315277474,0.084959293,0.29439468,0.282278782,0.096108658,750.7547368,501.42,656.3027999,315.5060422,315.9551092,145.1370029,2820.426842,2358.59,1184.381123,340.1151401,357.7004486,188.0631345,4264.018947,3559.61,1881.066985,356.7835052,343.7642468,158.4095063,0.139995384,5.96E-05,0.321757372,0.119563106,0.155223128,0.058581622,5.601221219,5.502245485,0.325510181,-27.02823806,-26.6719382,0.949170686,2.817111722,2.092380145,3.316288157,310.7204657,201.721745,249.9779066,9.971358235,10.27379804,4.732183816,13.44753409,14.90794428,3.375267487,1.749371884,1.433988986,1.088536438,1.124814866,0.992997773,0.329333173,-0.142700169,-0.253027504,0.354931596,-0.374389318,-0.403749185,0.116489852,181.0526316,100,101.8656379,100,100,0,102.0775768,102.3784882,2.81031632,738.9473684,160,2457.148064,144,100,87.6356092,1344.210526,320,3155.873388,1524,260,2138.990416,3217.894737,1340,4946.670686,5008,2700,5135.301354,22.03446836,21.86874483,1.832550435,20.72605893,20.95535781,0.474634983,3241.76783,2349.453476,2839.953646,4183.703826,3268.59632,1931.274896,-0.762804846,-0.848964158,0.378117322,-0.587648443,-0.604614795,0.161005618,0.270740969,0.230619387,0.265188094,2,2,0,1376de09f40d486315513687755d9e0d,Chinese,Neutral
2.56,2,0.089108911,0.15,0.265350946,0.268179535,0.073074587,0.237351368,0.230527647,0.090019309,14.16409317,14.29736637,3.027894459,13.59813334,13.55070918,1.569718809,-15.06518156,-15.0940784,0.87763143,-14.6390142,-14.33253674,1.387437112,65.44572711,51.91919192,32.42734344,96.90909091,81.01010101,52.29863702,-11.67872256,-11.53493866,3.037484536,-14.96936213,-12.28383024,4.339053721,0.001501338,0.00128183,0.000982106,0.002088863,0.001766847,0.000866216,0.002135271,0.001918254,0.000859087,9.007966683,8.818446961,1.150131101,135.8837124,132.030163,39.58624202,118.8451295,102.3435413,34.04340908,0.358299277,0.35167978,0.064562819,0.311885141,0.313491767,0.034846733,1333.305667,1077.655,660.3156146,319.0763487,327.3786486,137.1631796,2961.847667,2879.105,943.9977369,375.9180605,379.0568379,136.3978387,4746.711333,4029.29,2305.039318,407.1624818,433.5684001,132.6502154,0.150638722,0.026443491,0.273797487,0.311460577,0.301015169,0.046727755,5.309391011,5,0.475560406,-23.38129709,-23.575755,1.949850793,10.62566955,9.347409252,3.791547519,338.8661898,228.2449116,286.8649514,-0.138875033,-0.18812467,4.242471504,6.551302754,5.002835903,3.14867298,1.908109838,1.765798017,0.621496181,1.651030155,1.704939413,0.527750675,-0.07142272,-0.197166434,0.456671826,0.093153529,-0.248511723,0.556876485,764.6666667,210,1141.063237,804.4444444,100,1370.210852,110.4816311,101.4410298,34.54337558,1448.666667,1190,957.9028412,1524.444444,1340,1293.127131,3498.666667,3290,1647.415507,2680,3240,972.7281223,6457.333333,6300,1852.263724,5333.333333,5820,1428.425707,26.82016149,26.77465691,1.128937159,26.66151351,26.71418661,0.510299213,5123.278913,4998.354694,1077.860266,4604.17828,4869.855719,666.3954925,-1.198414896,-1.229536907,0.223847475,-1.124277029,-1.197578509,0.260825083,0.171872788,0.144941541,0.226532704,2.166666667,2,0.40824829,1376de09f40d486315513687755d9e0d,Chinese,Sad
16.53260771,14.46845805,0.548484848,0.783549784,0.242345098,0.226822158,0.162370217,0.243705931,0.220622513,0.166685951,48.72336578,17.85235596,48.4522086,52.60824721,18.13579516,50.98094263,-16.63955072,-16.67157883,1.344971129,-16.61831224,-16.6689943,1.323037519,83.42725056,89.12624312,26.78267063,87.22169842,94.25735838,25.8791753,-17.82511073,-18.25171326,5.088538263,-19.02401346,-19.12947488,4.384154253,0.040078307,0.038152239,0.033093847,0.055861619,0.051228769,0.026962588,0.06253184,0.059179216,0.026137507,9.332513227,8.745716065,3.380121239,270.7691717,223.0522313,303.3548343,224.1090445,220.7744481,25.3440915,0.121849519,0.088918433,0.086284044,0.072538379,0.065539789,0.036636867,610.8897403,408.415,568.8106803,162.5058683,121.6070862,127.6704217,2011.801905,1836.73,779.7498495,209.3984166,176.9472639,133.0269199,3450.201818,3286.93,786.6836886,230.4063401,196.6673366,145.6820991,0.06824036,0.008248429,0.134760028,0.331586386,0.266337149,0.273233066,5.592141401,5.235969426,0.780720602,-22.05653692,-21.70738836,2.409747901,1.54767366,1.311534291,3.654184895,1463.297468,1061.11769,1110.046471,8.785717495,9.216515061,5.520129315,10.98463073,10.84398155,3.374844598,5.814911834,5.460755149,2.209051751,6.173797741,5.808552183,2.288793963,-0.123629669,-0.217068226,0.347895337,-0.121649167,-0.2173133,0.33552599,536.5636859,220.0998185,1118.992418,262.9047465,220.0998185,458.2422847,217.4075181,215.0231487,30.3533822,626.9943079,240.1088929,1075.635992,291.4971007,220.0998185,472.4395596,1083.04529,440.199637,1590.184707,593.0823421,400.1814882,896.7273059,2077.782132,1060.480944,2190.61234,1477.327371,700.3176044,1599.496562,19.79446103,19.32466736,2.87181083,18.93225333,18.79672352,2.0866681,1905.41994,1397.819242,1432.137812,1465.449714,1296.475703,866.117931,-2.157467873,-2.15835111,0.434695974,-2.103560162,-2.109216308,0.440161548,0.4956452,0.526627877,0.261649696,2.900302115,2,1.156942116,2fa0d5a03ea254b6ef1f1aab5a910b2e,Chinese,Happy
12.07437642,6.821927438,0.22406639,0.627906977,0.31602226,0.27046418,0.1887871,0.3037274,0.274307458,0.166818287,24.79800812,15.79588281,26.96881832,18.24144239,14.71899125,12.67403495,-16.06349434,-15.95567366,1.089300188,-15.89227124,-15.627276,1.10228406,70.98844235,64.30087112,26.61704016,76.26346072,70.68886273,26.76748508,-16.58207856,-16.82462818,5.737413497,-19.6024056,-19.44137839,3.997495392,0.015544735,0.000801933,0.023914016,0.041394337,0.038042362,0.023575336,0.051421738,0.051040838,0.023287256,10.34167843,9.918036222,3.410609667,218.2124036,212.6932536,31.84746006,222.21516,217.4085482,22.71419469,0.204672221,0.218986745,0.107086133,0.08890101,0.079729345,0.049004203,644.874593,404.19,549.851042,226.6557073,157.0380541,152.0957439,2156.296744,2008.295,677.6385076,183.201193,145.9714957,119.8985972,3512.277209,3314.14,851.0261761,233.2139604,194.5215342,142.9645046,0.072258248,0.001185647,0.175957537,0.298748913,0.317251363,0.113526388,5.126875124,5.002268603,0.36227949,-21.74713181,-20.61857548,2.807127676,1.381598975,1.732122389,2.560329446,1625.51641,1390.525647,1128.750313,7.86996115,8.756044885,5.346139174,10.90669057,10.68855751,3.119118409,5.860807691,5.491995462,2.356244814,6.685586019,6.727764194,2.407084829,-0.140088274,-0.221221594,0.357783844,-0.153947148,-0.232833187,0.319911255,617.373011,220.0998185,1308.213217,222.1762319,220.0998185,22.76018262,220.6480782,216.4876891,22.76183741,662.6260921,240.1088929,1123.89814,274.2753313,220.0998185,329.9746176,1164.946925,460.2087114,1620.645897,577.8092148,420.1905626,778.8582762,2542.664764,1870.848457,2190.094376,1979.765777,1790.81216,1563.955789,20.75437958,20.24019882,3.64980945,18.71105056,18.66960593,2.344398515,2152.75672,1721.483768,1460.323764,1717.543507,1685.835412,814.3815723,-2.2066711,-2.259880689,0.405849904,-2.182800856,-2.241372961,0.387657715,0.402621635,0.433334145,0.253257301,3.226804124,3,1.229033789,2fa0d5a03ea254b6ef1f1aab5a910b2e,Chinese,Neutral
17.92580499,16.9423356,0.439944134,0.768292683,0.268403532,0.257987353,0.173010542,0.256297994,0.251736198,0.166011951,51.71833431,24.48458823,55.4347477,56.09785852,21.05904191,60.59094118,-16.73634745,-16.552542,1.593802135,-16.71712765,-16.57042711,1.633295462,78.21832592,77.67135757,29.82423778,84.78810154,86.5192091,28.73143477,-17.46874109,-17.83460071,5.908822877,-19.56940622,-19.5633549,4.40830282,0.03329282,0.02572001,0.034103473,0.055357242,0.052116533,0.029597414,0.061589423,0.057064039,0.030272541,9.149961238,8.906101829,2.874604121,222.5271171,208.7056453,160.8266476,211.6727931,205.4392118,22.33051582,0.141293334,0.100704923,0.108810868,0.064330825,0.054629822,0.03881565,532.4036341,374.035,508.1208662,142.4515726,104.1932657,115.8755991,1918.885512,1855.415,692.9789583,223.96874,185.0599048,144.8406995,3285.523512,3174.645,755.9497714,230.5788079,195.6790517,153.0445623,0.071603356,0.005003771,0.152954557,0.263905637,0.25039928,0.177674332,5.491839743,5.164253134,0.659241303,-22.56644131,-22.28955203,2.39157523,0.18801918,0.182626238,2.902252322,1305.233396,1187.62916,761.9614714,9.099628899,10.04996912,5.438700658,11.48009917,12.23575002,3.069911471,6.291077526,5.947552936,2.378318244,6.579162159,6.276869319,2.461563985,-0.122514747,-0.182370543,0.336810168,-0.118999277,-0.184212217,0.322949922,440.4436501,220.0998185,899.1724599,243.7587567,200.0907441,402.8012051,210.3175704,205.1335484,22.2532591,507.6448586,220.0998185,911.527945,254.9038763,200.0907441,305.8130296,859.0725289,340.154265,1398.445016,491.4932577,280.1270417,816.5814984,1781.149241,680.3085299,1975.936676,1262.592148,580.2631579,1455.344529,20.16609005,19.30782814,3.409185851,18.9262522,18.55081203,2.416308709,1648.796639,1229.645949,1286.423718,1286.106815,1135.288371,775.0110415,-2.088558084,-2.143835008,0.459520026,-1.996878523,-2.030692426,0.435849166,0.489444765,0.517188474,0.241754355,3.179401993,3,1.143550454,2fa0d5a03ea254b6ef1f1aab5a910b2e,Chinese,Sad
8.637823129,4.323061224,0.273255814,0.746031746,0.173506508,0.087562163,0.209301132,0.17029605,0.087562163,0.20097458,65.26252752,34.03706298,56.99434124,58.73432615,19.18924121,58.22343991,-16.76534616,-16.67451964,1.697738078,-16.71606855,-16.48485669,1.800714004,83.09670938,80.29811098,36.5262298,84.72045791,84.10566706,38.18000516,-17.55506364,-17.41757684,3.366923348,-18.26074575,-17.61144132,3.413460926,0.038766935,0.011681381,0.05795832,0.097327381,0.078141522,0.060604789,0.103867324,0.083829667,0.063918414,10.67088497,10.66390998,2.863251872,151.6059074,137.3615533,52.03040123,141.3154439,137.1737023,16.62113425,0.295138368,0.212984635,0.235473714,0.093589543,0.066213203,0.077394687,735.2484127,425.69,724.4074618,113.3576733,75.00261596,104.9593126,1856.750476,1653.75,681.3809518,173.2629431,112.3471584,137.8009519,3029.654127,2579.46,1899.439383,286.3236435,277.8970969,147.459252,0.056836608,0.000492568,0.163331786,4.43193432,4.072274309,3.277208139,5.2250016,5.002268603,0.368658768,-18.62644003,-19.09498546,4.843733476,7.898118922,8.368326791,4.111821074,1234.487724,888.2508832,1829.137712,6.302373538,6.702843012,4.088376635,7.838473756,7.995601221,3.210462789,12.70187777,11.26039757,5.789289375,12.87574722,11.26039757,5.837451491,-0.104890386,-0.148995202,0.355807937,-0.10004142,-0.147960539,0.338728031,553.1079855,320.1451906,985.3942861,388.474051,320.1451906,578.322881,205.7840603,138.3317729,393.6369595,622.345735,320.1451906,928.6860639,427.4278874,300.1361162,552.336282,1190.381125,510.2313975,1561.392572,858.4744372,460.2087114,845.3765848,2715.517241,1740.789474,2843.079076,2239.952021,1690.766788,2059.728768,20.6687449,20.49077703,2.702438073,19.84261365,19.46143497,2.430118858,2303.357853,1582.432324,1793.456376,2046.804281,1600.683247,1298.104794,-1.744558351,-1.709338678,0.486007864,-1.697855556,-1.647954417,0.42061994,0.274405371,0.262480601,0.266105943,2.789473684,3,0.619240379,32b679eeedce33ca65af05cfaf4b0ada,Chinese,Happy
3.343673469,0.499795918,0.098484848,0.684210526,0.523109639,0.531438026,0.259018649,0.628242313,0.685831393,0.227805976,98.38512856,110.1404486,26.82958945,111.6730568,110.9320006,2.016981314,-13.83180573,-13.25819698,2.661706438,-12.66990836,-12.16474116,1.786193883,86.56622196,104.4468803,24.41728887,101.3496479,106.3016529,9.627887815,-11.19730939,-11.25489037,0.784652067,-11.26880231,-11.14855142,0.36966125,0.012899148,5.75E-05,0.033342008,0.087101617,0.097692282,0.035822034,0.100805004,0.110974137,0.026963584,8.800741963,7.317264775,3.879399017,241.8597011,320.52517,102.3861529,294.4614769,325.9724373,78.73825515,0.476530136,0.586367421,0.214329507,0.030018702,0.028611288,0.010220626,575.5231579,563.49,142.5810247,225.8759751,171.6978145,142.3792588,1064.843684,996.92,403.8411329,218.236055,227.1222336,115.2883529,2739.993684,2629.62,293.9339294,150.7382723,97.36834566,127.4008332,0.016091542,8.38E-06,0.049651179,1.161635843,1.289446103,0.266361115,6.292893292,6.385892669,0.339724819,-25.05926411,-25.34932674,1.179650602,10.07603185,12.699313,4.774454331,1486.853463,1100.762541,1144.764272,4.613952722,5.291020736,2.411317104,5.795188421,5.512445783,1.427668865,14.30094473,16.29686775,4.661678003,15.79602691,16.87145244,3.364577634,-0.151944278,-0.186653939,0.343585629,-0.114076711,-0.145916218,0.380443563,357.0040118,320.1451906,182.5672752,352.4675415,320.1451906,75.98991508,190.8435563,115.9078434,100.2592014,364.3757761,340.154265,68.20683189,369.3982968,340.154265,59.25264596,591.8473589,580.2631579,133.4464745,598.7330727,580.2631579,134.5877482,870.9212914,960.4355717,185.0005088,895.7908697,980.4446461,174.0816011,24.90551581,23.83848907,2.419262062,23.79842276,23.56999612,0.45644384,920.2026216,958.0851873,188.5265125,965.3542828,973.9506215,158.8654621,-1.991535044,-1.99454756,0.294229535,-2.002445786,-1.99454756,0.274853142,0.389061962,0.268421859,0.360423281,2.5,2.5,0.527046277,32b679eeedce33ca65af05cfaf4b0ada,Chinese,Neutral
6.315827664,6.072267574,0.175298805,0.647058824,0.292108558,0.28090334,0.195968255,0.330318414,0.339937838,0.214177303,55.49428047,46.15900822,43.91234796,64.59258419,68.94982336,47.18198123,-14.8671616,-14.7996389,1.65689157,-14.51267312,-14.03602174,1.700981341,85.20698723,89.19214876,22.5528484,89.06680441,96.17768595,23.1447778,-11.64934246,-11.66948502,1.713183079,-12.0027766,-12.02015713,1.787374512,0.019405586,0.003879788,0.030587641,0.061339462,0.055382927,0.031042623,0.073928494,0.072515064,0.030837478,8.250094552,6.788519682,4.643671879,583.6540049,292.3156493,780.8902647,483.6481615,223.6759406,699.4834444,0.250557808,0.150326318,0.220145963,0.040734438,0.035989011,0.016891932,842.3695588,509.48,832.1524988,98.18387505,69.21362805,96.84715936,1970.635147,1561.27,849.8891664,175.5711347,155.3541766,116.4331119,3011.162941,2639.585,829.3525472,210.0210775,156.4010432,140.6589893,0.074423101,0.000216638,0.202382393,0.456234634,0.152488346,0.47105562,5.417102185,5.334254263,0.444905754,-20.84713636,-21.28526983,3.20750286,6.084642763,6.138323329,4.833705654,1846.67491,1520.938137,1212.404988,4.748612922,4.534861902,3.364349798,6.45514867,6.723346775,2.450489885,12.38270396,10.2719114,5.434571774,14.44208979,14.50691933,5.565005305,-0.083769272,-0.133706623,0.393155372,-0.105685877,-0.151877129,0.378960828,1250.861402,540.2450091,1684.350996,756.7068141,470.2132486,903.5234729,457.8196325,143.2216689,702.8309373,1077.253256,500.2268603,1292.575807,697.5890942,360.1633394,869.2838308,1642.509608,720.3266788,1632.081477,1090.949307,590.2676951,1140.296709,2594.706149,2241.016334,1906.079403,1948.156245,1720.780399,1464.873571,24.1514443,24.06845308,1.974411448,23.27694505,23.03777751,1.802119655,2116.757546,1561.172111,1381.856395,1660.464296,1453.013335,985.0583882,-2.268021258,-2.270761921,0.502802228,-2.147507028,-2.173454635,0.479272777,0.385611622,0.374284143,0.329707624,3.633333333,4,0.999425122,32b679eeedce33ca65af05cfaf4b0ada,Chinese,Sad
3.622312925,2.199024943,0.027972028,0.333333333,0.415329723,0.464177966,0.240646367,0.247001615,0.183082624,0.255022157,27.0822319,12.08697955,36.37977584,58.80824432,59.03497451,53.25380738,-15.58399976,-15.47999008,2.325935193,-16.36567676,-16.70241133,3.07176033,68.85366954,66.41179723,21.11751422,82.20375975,87.83610755,22.84151611,-11.20535978,-10.26197972,2.763649433,-12.98785416,-13.42415459,2.014396704,0.008885888,0.003945579,0.015410767,0.047005775,0.029913801,0.032064975,0.039889862,0.02172174,0.038623217,8.431325546,8.288246504,1.8841998,313.1976069,242.8410628,180.3091795,457.7808031,478.4264522,220.2362737,0.173388373,0.148618192,0.119617701,0.054962367,0.029827671,0.058096932,631.9591667,512.375,491.9029196,134.3487157,114.2420783,123.2962161,1688.2025,1705.635,590.8786856,221.2911758,173.8694993,157.4925701,2612.105833,2508.345,286.6006615,170.6588825,157.0496281,119.6146818,0.120102287,8.93E-05,0.29794923,0.140900995,0.12465773,0.143917829,5.330610062,5.327001914,0.379181841,-26.28725496,-26.72207992,1.068399638,18.70214119,22.41973813,9.467956326,220.8324465,188.7382256,117.407024,5.236548136,4.441144034,2.406200815,6.282735044,6.137978558,1.721286707,13.85167496,12.64245246,5.876333766,13.26775273,10.52390746,7.46218658,-0.147661232,-0.202696245,0.302608415,-0.284819606,-0.309214319,0.099628032,438.5322142,480.2177858,195.947503,515.2336661,590.2676951,260.5665022,131.0179689,118.7700566,25.02863816,518.5685118,380.1724138,379.8811015,495.2245917,580.2631579,200.3407014,1015.460526,650.2949183,904.5069438,1060.480944,720.3266788,921.142104,2000.907441,2000.907441,1120.150805,2055.932396,1870.848457,1179.503398,26.90183874,26.77569313,3.471763789,25.68148815,24.72494819,4.538073061,1822.044937,1347.663477,1073.30354,1829.390044,1295.507781,1170.39177,-2.005725269,-1.876843264,0.396578125,-2.093251943,-1.800216518,0.687271128,0.193458404,0.135358383,0.242699757,2,2,0,459b855062044f6e7d17e2ceb35782e4,Chinese,Neutral
5.665668934,5.32260771,0.151111111,0.404761905,0.198391475,0.166360033,0.147875377,0.199326713,0.189415771,0.131629922,50.21018996,16.93336348,50.36574602,51.51357891,17.00309554,52.52297061,-18.10819737,-17.71193607,1.73755016,-18.33464978,-18.32000666,1.932895846,70.44722271,67.70402893,26.14417978,64.02850784,63.1166064,21.76210486,-14.65666464,-14.72252233,2.827400127,-16.06919115,-16.06876249,2.852352913,0.007849259,0.003034585,0.009699312,0.018119585,0.016763853,0.008903428,0.019217418,0.017964151,0.008817531,7.109804249,6.732263624,2.019766588,260.2542235,149.0897724,193.0763776,223.2905225,139.8599745,152.5717868,0.207957762,0.178031007,0.142875564,0.076249886,0.069813048,0.028668496,707.3059524,511.82,585.8391822,163.1599993,133.4138578,143.8694362,1864.964524,1664.27,729.5065351,184.0922814,148.7462259,133.0688867,3080.381548,2869.815,992.9353171,264.7753926,221.8821581,154.9237151,0.1045671,0.001124449,0.243191174,0.723467041,0.486776234,0.486435387,5.178108365,5.002268603,0.280166893,-19.66893007,-19.41218415,4.11515834,3.812022773,5.021374072,6.30859697,1699.226666,627.226001,3129.46865,4.339780059,3.916160467,4.64114983,8.160634501,8.16321844,2.961077546,5.095122036,4.911385964,1.627030419,4.689346991,4.85312544,1.140355574,-0.127404014,-0.138466439,0.320664476,-0.190383395,-0.25748236,0.303782671,787.7382033,460.2087114,916.1982993,486.6913099,280.1270417,558.0783238,324.3270932,142.2565028,343.0507902,695.553539,340.154265,750.1103938,390.176951,260.1179673,484.725201,1368.239564,770.3493648,1201.889321,900.9968506,590.2676951,905.8755208,2343.205535,2301.043557,1628.456328,1739.612469,1320.598911,1273.702562,22.60621514,21.8860774,2.581820173,20.93064352,21.17129031,2.134347155,1961.508342,1608.480962,1101.434743,1588.356483,1389.98019,762.955943,-1.980809344,-1.881539118,0.379160463,-1.747764474,-1.761628376,0.256532176,0.503455673,0.558107846,0.243016925,3.35483871,3,1.018115485,459b855062044f6e7d17e2ceb35782e4,Chinese,Sad
3.157913832,3.09861678,0.424,0.779411765,0.196217153,0.185070185,0.110784524,0.196038441,0.187243761,0.10588039,58.37314928,14.8949358,63.5808955,72.33170338,26.28269481,66.82155617,-16.68360722,-16.46206893,1.475543421,-16.78894141,-16.56125628,1.4690806,76.29715409,65.80578512,32.4823813,83.6338023,71.19434817,29.20699946,-18.10791839,-19.54665717,4.86790332,-19.92890081,-19.84112894,3.585427033,0.066255681,0.046991697,0.067324483,0.112587973,0.100843875,0.059001994,0.103259222,0.095455819,0.047584194,8.796574344,8.585653341,3.34911221,410.9626253,239.4803193,605.5792326,351.7085082,218.919641,495.3336233,0.153420361,0.119158723,0.11296819,0.086284194,0.063493848,0.074454073,831.3685294,452.075,690.9789604,121.4046316,55.29592539,138.9736887,1916.864118,1803.135,574.6943883,141.388661,95.69241621,127.0110237,2844.169706,2617,768.4280165,192.4872559,166.4439488,139.7198174,0.057727489,0.012251904,0.122746958,1.654772113,1.295165047,1.265809021,5.54902201,5.5382341,0.505812465,-16.89152185,-14.95259264,3.856139869,8.850568875,8.797450131,7.076849152,1960.108628,1311.720877,3035.42425,7.61016681,8.220744981,4.047304133,9.329747109,9.570967436,2.826039093,13.14504904,12.02384856,5.658528164,12.28881622,11.77466819,3.921343591,-0.112861405,-0.205951301,0.391682143,-0.161686458,-0.213156648,0.365868696,1001.042223,350.1588022,1119.392877,732.6399553,340.154265,962.1191238,370.396253,175.8634472,552.5639888,939.8379951,350.1588022,969.4087539,687.6195379,330.1497278,876.6823379,1284.994529,520.2359347,1207.526569,900.4083485,480.2177858,999.9278537,2386.376375,1550.703267,2232.859785,1851.224173,1400.635209,1959.277216,20.23305702,19.26153057,3.189841845,19.35978401,18.61175835,2.658947673,2374.438769,1678.387101,1600.199465,1951.915351,1414.206304,1404.208756,-1.619615743,-1.566806821,0.458476359,-1.561370737,-1.502156403,0.460240357,0.423507562,0.441600668,0.266838834,2.893617021,2,1.026476509,4a818c2646b5b865170d0d5dfe35b8be,Chinese,Neutral
11.264,8.425,0.371937639,0.795238095,0.331910585,0.323695093,0.222069112,0.328855901,0.324175749,0.226782913,115.3320247,134.5086117,72.56348939,127.2950122,156.7789914,71.41635381,-15.64754359,-15.3399572,2.320925382,-15.28845154,-14.95714916,2.359548679,87.5474988,85.85858586,34.07118888,94.45043501,95.95959596,31.79484363,-17.94384141,-17.94360634,5.748402751,-19.37001443,-20.19500061,5.343625834,0.034785859,0.017010966,0.044258035,0.069302178,0.056536371,0.043694294,0.078276945,0.072131678,0.044189104,11.16411017,10.57012175,3.129501961,216.3566896,199.8014212,149.1484341,200.5531654,198.7763913,49.10468181,0.244376936,0.147991591,0.217252597,0.075532459,0.068947595,0.040702414,645.986381,456.725,511.9593858,210.4106612,149.2686927,149.7480944,1962.33281,2094.22,773.3801602,167.2703771,131.6610692,117.8168978,3412.096857,3482.54,885.8861176,220.4976066,195.9844644,135.5301004,0.073908605,0.004093022,0.163281572,0.418421065,0.268038478,0.407940288,5.632801748,5.227817161,0.870427229,-23.17447232,-23.56544052,2.499393094,3.392570561,3.115984489,2.947827418,1405.998515,1187.385402,1010.734259,8.86708994,9.889912405,4.970426185,10.76193306,11.6131528,3.484638833,8.405901417,8.011381084,3.579580278,9.010991727,8.886422487,3.634048752,-0.111286898,-0.179651276,0.334772023,-0.12361489,-0.183240819,0.290746906,492.4761905,200,1041.994114,303.7575758,200,625.3880274,198.1168711,195.5322252,47.99102382,557.6190476,220,1040.397443,318.6666667,220,544.4985759,980.0952381,420,1344.696473,667.1515152,400,899.9700578,2122.190476,1610,1999.745668,1678.181818,840,1588.892571,20.34116882,19.63743154,3.276830249,19.3546977,18.69246761,2.640130341,1994.316981,1677.031096,1330.932051,1676.895792,1540.569633,928.9077357,-1.793684241,-1.83743693,0.404521222,-1.739457977,-1.787798926,0.396624863,0.344787208,0.353418268,0.256574508,3,3,1.04637016,8899cc925027dcab5f9c82b1d7b70496,Chinese,Neutral
24.23466667,21.575,0.17768595,0.659003831,0.15843307,0.086954558,0.172805853,0.169374093,0.097383808,0.184764196,86.39301846,87.62683905,11.54846494,88.81352903,88.36801355,7.875424912,-16.56666219,-16.48994316,2.478129692,-16.15181704,-16.3814581,2.439053133,88.12002254,85.85858586,10.64059508,90.03985788,87.36799223,9.329098774,-10.08874638,-9.942085498,1.716838027,-10.06237606,-9.820389556,1.524095461,0.028932773,0.016562365,0.039982967,0.078598152,0.064340264,0.046402834,0.085113298,0.070957317,0.051439383,15.50379943,15.97767396,4.022097767,270.0281985,248.1533449,163.5136633,272.9925143,188.9596045,171.7247896,0.145197992,0.104201351,0.112880757,0.044057021,0.039036242,0.020317856,582.6005364,600.2,185.55764,104.516204,87.74597176,66.12369968,1392.559808,1371.82,327.1246638,126.1136728,111.072692,77.23584756,2429.437088,2315.44,590.4222779,202.4435718,162.6035836,118.5752975,0.077941302,0.001335957,0.193007425,1.121508839,0.50167421,2.805415601,5.289173423,5,0.477343697,-22.96038709,-24.84839984,4.977790935,9.398773276,9.516390736,2.443430246,1883.776626,1628.808537,1262.175753,4.906090269,5.062769151,2.251325321,5.948213292,5.877528518,1.502721091,17.52324222,16.16308853,5.817731964,18.57264917,17.58666936,6.137650835,-0.101242359,-0.175801886,0.366763463,-0.156685083,-0.226484723,0.334875171,381.9923372,460,231.1623138,389.112426,460,235.5132044,101.2707433,89.23443937,64.69792844,382.4521073,360,152.900554,382.6035503,360,134.262856,610.8045977,620,304.2691814,602.3668639,620,179.1224185,1294.252874,1180,655.0319408,1239.053254,1160,559.4802463,23.54764763,23.70719258,1.61003484,23.07984833,23.26559437,1.425237525,1301.858071,1185.941846,448.0957896,1265.700287,1168.023374,362.8154099,-2.184435309,-2.223853583,0.297874578,-2.176230314,-2.17792229,0.289396803,0.070472095,0,0.18443037,2.454545455,2,0.971175483,9de872ababa9f9ab62de4536348b6658,Chinese,Happy
8.362666667,5.9,0.231231231,0.616,0.20401802,0.146235182,0.204715657,0.255908639,0.264162975,0.211720247,98.13850333,102.8198795,19.67384142,100.8559277,104.5028751,19.65511537,-16.05670347,-15.78550145,1.902558916,-15.6002611,-15.21345921,1.85453046,90.91639284,96.14214433,19.37924146,98.86474646,101.2230741,14.38392258,-11.99821841,-12.27409616,1.838538237,-12.62175243,-13.02653824,1.362770846,0.030191287,0.015308018,0.037937794,0.068919138,0.058533548,0.036372155,0.073350159,0.067675655,0.037621839,14.02709659,14.21178681,2.989728832,139.5121724,109.266851,114.7701148,115.8130908,108.6298998,62.95451708,0.151517328,0.09592478,0.120199426,0.050481202,0.044548295,0.028427114,588.48536,622.49,149.9769993,113.7156436,83.04377294,93.93407298,1507.544,1384.67,564.0321215,195.8450464,148.5650262,138.6748312,2597.01296,2348.25,969.0789304,227.7078358,202.5083039,137.2346809,0.09361784,0.002129436,0.200851851,0.221078895,0.166153041,0.170774176,5.154789603,5,0.281978526,-22.15765718,-21.91921108,1.946475253,8.372027113,8.970749919,2.534979938,1062.793674,813.8922156,770.669642,5.313154521,5.06802853,3.487190989,7.311513695,7.527481643,2.458767919,12.41165907,12.23544038,4.455060138,13.15471395,13.29659679,4.490342546,-0.117427659,-0.136571565,0.371072915,-0.160050388,-0.20330838,0.358192818,398.24,500,235.4544816,388.6486486,470,235.4379442,106.8121542,105.8891409,8.823052573,392,360,267.1353408,351.0810811,320,152.1045744,632.64,600,506.5986259,546.7567568,600,213.3176171,1196.64,900,1082.990888,1027.297297,860,631.1162047,23.65209304,23.30078784,2.147919421,22.67278778,22.59659462,1.592910937,1293.90661,1140.999628,638.0354446,1191.333084,1106.942947,357.2330431,-1.981343266,-1.987936947,0.236687116,-1.973934358,-1.975767389,0.255692822,0.043487553,0,0.123057805,2.076923077,2,0.277350098,9de872ababa9f9ab62de4536348b6658,Chinese,Neutral
31.06133333,29.025,0.28203062,0.674373796,0.138986751,0.048768274,0.179815528,0.150960328,0.068567971,0.184779948,86.5860293,93.21360474,23.35722434,91.49097745,94.58663056,17.14156984,-15.983499,-16.11134822,2.134819798,-15.53293181,-15.57598941,2.039354728,85.40462691,90.8439231,21.16698634,91.97324059,95.4382535,16.37836377,-12.05645834,-11.94823199,2.602806704,-12.31128338,-12.29398802,2.553966321,0.027447436,0.016118655,0.033808939,0.058794355,0.049724828,0.031101327,0.064470839,0.056866818,0.032759175,13.31102221,13.66022257,3.854353033,145.6550861,102.0012108,99.12998168,146.2904844,101.4887266,104.6530848,0.160258659,0.130578581,0.113048347,0.063216561,0.055613518,0.043422388,635.8066859,538.11,478.9790045,164.0657311,126.0267134,119.8323736,1613.172948,1389.82,1141.049262,172.5302854,132.7220761,123.1661576,2782.668282,2403.415,995.8173031,239.6261632,196.0301626,148.7491465,0.076196264,0.003346032,0.169042095,1.707506796,0.548556426,2.759111679,5.575984602,5,0.959820673,-22.72001674,-23.4435267,4.07100747,7.350954334,7.698448665,2.684385309,1298.024299,847.2570325,1252.28433,6.172854426,6.410257427,3.717703518,7.456514416,7.256643085,2.595599208,11.58988032,10.2470245,4.728404451,12.34695683,11.36632276,4.881627741,-0.114314839,-0.17684888,0.374666421,-0.148932757,-0.204168215,0.333714396,374.4508671,120,726.205586,265.5813953,130,248.8907386,110.964991,96.92494971,149.1952719,405.3949904,280,677.4573375,271.2209302,260,222.0622087,806.5895954,520,1153.250454,597.4418605,500,600.0314589,1699.267823,1120,1760.576929,1447.383721,1050,1313.272952,23.1201663,23.15062195,1.897931914,22.65412554,22.853077,1.677608778,1614.706858,1291.652317,1145.042607,1409.814113,1220.071697,735.6720075,-1.954575761,-1.989157893,0.334719685,-1.952012188,-1.969303574,0.330851266,0.110333913,0,0.201335115,2.18487395,2,0.468795546,9de872ababa9f9ab62de4536348b6658,Chinese,Sad
1.28,0.075,0,0,0.857133732,0.857133732,0.070878854,NA,NA,NA,10,10,0,NA,NA,NA,-14.58284291,-14.58284291,0.401711705,NA,NA,NA,48.38709677,48.38709677,NA,NA,NA,NA,-10.57255969,-10.57255969,NA,NA,NA,NA,0.001735859,0.000789292,0.002748249,0.014477081,0.014477081,0.000111696,NA,NA,NA,NA,NA,NA,113.9138044,113.9138044,0.449330362,NA,NA,NA,0.576698811,0.616300515,0.124788748,NA,NA,NA,730.53,730.53,433.5413097,446.7089816,446.7089816,108.8074088,2074.615,2074.615,0.685893578,439.3836523,439.3836523,3.353673867,3415.06,3415.06,87.44082456,435.9370438,435.9370438,163.5421864,0.031614229,9.86E-07,0.160770642,NA,NA,NA,NA,NA,NA,NA,NA,NA,NA,NA,NA,NA,NA,NA,0.118717992,0.118717992,4.649940676,NA,NA,NA,10.9086594,10.9086594,3.862285339,NA,NA,NA,-0.159014077,-0.159014077,0.698596598,NA,NA,NA,220,220,141.4213562,NA,NA,NA,NA,NA,NA,830,830,692.9646456,NA,NA,NA,2260,2260,1301.076477,NA,NA,NA,6600,6600,1046.518036,NA,NA,NA,23.52307749,23.52307749,0.723433273,NA,NA,NA,4971.364417,4971.364417,621.0632348,NA,NA,NA,-0.895216923,-0.895216923,0.210940003,NA,NA,NA,NA,NA,NA,NA,NA,NA,ac901c87056a1e7380a06e5da633c2c1,Chinese,Happy
1.109333333,0.075,0,0,0.205052822,0.205052822,0.011949321,NA,NA,NA,10,10,0,NA,NA,NA,-17.30585929,-17.30585929,0.20292078,NA,NA,NA,20.83333333,20.83333333,NA,NA,NA,NA,-12.23937207,-12.23937207,NA,NA,NA,NA,0.002035373,0.000732821,0.003512415,0.016995073,0.016995073,0.002638293,NA,NA,NA,NA,NA,NA,108.8466549,108.8466549,NA,NA,NA,NA,0.560919644,0.61564566,0.139075995,NA,NA,NA,3303.645,3303.645,3411.344742,469.8880221,469.8880221,175.7283318,6017.27,6017.27,5464.393926,318.2620222,318.2620222,13.19871543,3331.94,3331.94,NA,535.6435244,535.6435244,NA,0.037111732,4.74E-07,0.174409505,NA,NA,NA,NA,NA,NA,NA,NA,NA,NA,NA,NA,NA,NA,NA,-3.685571778,-3.685571778,NA,NA,NA,NA,10.56223759,10.56223759,9.82581189,NA,NA,NA,-0.140995991,-0.140995991,0.985490795,NA,NA,NA,1040,1040,989.9494937,NA,NA,NA,NA,NA,NA,1520,1520,339.411255,NA,NA,NA,4170,4170,1965.756852,NA,NA,NA,9490,9490,1626.345597,NA,NA,NA,29.15781531,29.15781531,0.540030802,NA,NA,NA,6476.815779,6476.815779,985.2534816,NA,NA,NA,-0.809379267,-0.809379267,0.123840535,NA,NA,NA,NA,NA,NA,NA,NA,NA,ac901c87056a1e7380a06e5da633c2c1,Chinese,Sad
54.86933333,51.775,0.165982672,0.513399154,0.169106177,0.148889781,0.126617095,0.186882706,0.181303427,0.128832036,85.8131485,88.62606156,55.90674757,101.2420663,132.8729091,56.65811404,-17.48711459,-17.41711882,1.761614248,-16.92454361,-17.03658204,1.648686366,87.41675037,80.3841333,34.76195858,103.7637068,103.6828135,35.42873362,-14.03379166,-14.01067422,4.329359667,-16.76951848,-16.37433605,3.371511346,0.019072467,0.014592581,0.01888478,0.039712087,0.034097725,0.019417572,0.044782367,0.037802295,0.023773052,11.09276813,11.05614606,3.039837969,330.5158195,181.5916575,521.005753,185.9846501,153.6838452,77.11321278,0.080658441,0.057522047,0.068101104,0.043876313,0.037878434,0.026842432,587.8049506,433.22,555.7267954,103.8997999,59.28398392,108.9407233,1817.851975,1713.71,734.2048661,190.9655154,148.987756,134.1147072,3022.086051,2796.88,827.6953545,212.4111145,176.65384,152.5906706,0.098480861,0.003713809,0.213880193,0.56574378,0.319545828,0.645264422,5.383006109,5.119277664,0.4744302,-21.36906345,-21.52990739,3.690583977,8.112363911,8.327292163,4.513952486,1282.381441,1154.860385,747.6991193,5.961648559,5.624458341,4.142410825,9.004181088,8.872155215,3.05983808,10.7804321,10.18679006,3.428791388,11.52471808,10.92413082,3.73446875,-0.108440714,-0.181320962,0.402931152,-0.13011028,-0.193697272,0.377624077,648.6882934,320,1128.213978,331.7681159,300,77.2609112,173.6464164,151.342767,75.45423571,621.212976,300,1054.314352,308.115942,300,57.13293765,971.3963329,460,1479.088854,524,420,461.4804287,2008.885755,920,2267.773872,1465.15942,760,1372.52951,22.50942414,23.11771299,3.478797382,20.2293946,20.29262479,2.966507995,1725.16136,1193.548823,1472.582341,1346.600401,1161.454096,649.5531653,-2.356936326,-2.33560866,0.615262258,-2.199044098,-2.188117745,0.577163872,0.273729652,0.240731434,0.267002483,2.872427984,3,0.874442603,bc156014a3fd7de37af7994e9a0b98ea,Chinese,Happy
8.533333333,6.85,0.314705882,0.597765363,0.311266234,0.30878686,0.189814046,0.348796715,0.369577422,0.196594803,85.85337037,71.33138228,65.98985085,94.76653744,100.7922683,65.99741918,-15.95296592,-15.89145404,1.268999552,-15.85808405,-15.75229299,1.213637784,81.55398627,75.04246,32.51510274,94.2235957,86.70778582,34.76232345,-14.58774442,-15.21805998,4.786199868,-16.96589953,-17.54369731,3.990056617,0.01408055,0.009788346,0.013994139,0.024718205,0.02375445,0.011242407,0.027684885,0.028383693,0.011425799,9.450740511,8.980621107,2.96198283,247.3395546,187.9912717,296.4042814,187.2041518,183.2900667,22.82890127,0.141863933,0.079593412,0.144610768,0.051564654,0.041107925,0.036722619,595.3312291,419.91,538.3439266,164.8069451,116.4735498,125.8052786,1961.452682,1772.45,624.0353737,192.9897439,154.0043662,129.542621,3203.09743,2986.02,780.4569893,234.47529,191.7779577,165.7434135,0.111632198,0.012316616,0.208055266,0.770836386,0.396318826,0.786191632,5.414028938,5.161559432,0.493408806,-20.60743286,-21.40060954,3.645413042,4.512494032,4.148250756,4.865414687,928.6810047,637.6627458,663.8364591,6.682663884,7.079706438,4.771305184,9.578994901,9.713120397,2.931902018,5.325555297,5.148663156,2.096900003,5.599311421,5.514075687,2.150856623,-0.118391335,-0.221269519,0.387603119,-0.12791134,-0.24134342,0.352674234,643.1284916,200,1337.1827,293.1428571,180,450.2207029,182.9535995,180.8839661,38.51522494,711.1731844,260,1288.328012,296.952381,200,361.0751142,1254.078212,460,1838.626324,680.952381,380,1015.458899,2569.162011,1580,2528.379343,1964,1340,1953.878588,21.96523833,21.97657128,3.202186661,20.50256813,20.2159674,2.716773608,2091.348202,1459.741188,1605.522914,1604.219,1289.904424,932.4845561,-2.47367503,-2.50390046,0.588181997,-2.346479986,-2.401135944,0.563425062,0.439643669,0.443678562,0.273531649,3.126315789,3,0.925318867,bc156014a3fd7de37af7994e9a0b98ea,Chinese,Neutral
26.19733333,23.25,0.363288719,0.601265823,0.228342157,0.197461687,0.159800058,0.24274164,0.224137015,0.1680375,83.16479072,98.57517739,31.00662282,87.89178041,99.07272416,27.38204999,-15.87088504,-15.92749452,1.728799803,-15.37316868,-15.55444188,1.592522988,88.33128693,95.95959596,23.71509304,94.95822807,95.95959596,21.08282395,-12.19905595,-11.77498822,2.423678923,-12.36397957,-11.77893963,2.541088065,0.045221676,0.041380251,0.039134893,0.068983244,0.061697588,0.032356203,0.075318338,0.06822431,0.034981851,13.21711973,13.72662245,4.11612763,289.6842009,204.8581413,357.2585167,209.425903,203.4241619,79.14651285,0.095891874,0.036777394,0.156310847,0.031785544,0.027828298,0.018792827,626.4299684,344.99,608.0932419,109.5938464,59.45917901,114.5843801,1844.83337,1753.275,761.3669868,192.2421243,149.4216634,146.1334542,3024.893165,2769.365,739.8605308,207.1677536,174.0621912,142.0112484,0.086685976,0.013008208,0.162198386,0.862035587,0.368085419,1.086691944,5.43367577,5,0.655508665,-21.27643515,-22.02204542,3.662652773,8.294914341,8.932903559,3.823624761,1003.101387,724.3636734,740.3074832,5.991730751,7.246152362,3.698683684,7.910887347,7.872405241,1.509206357,10.36575472,9.911905017,3.098965772,10.93644066,10.43344314,3.273680874,-0.119726594,-0.174381051,0.359711324,-0.153222115,-0.221824691,0.329021264,880.0316456,300,1570.11088,272.4867725,300,209.8443432,120.0761258,104.4068197,40.98971289,880.2531646,240,1375.913677,255.9259259,220,320.4759637,1353.132911,360,1839.594197,478.8888889,340,696.7052689,2298.101266,1200,2205.226511,1271.216931,850,1248.36279,23.77235171,23.62679193,2.192722908,22.88137469,22.88333346,1.739878913,1932.423255,1235.47866,1540.145786,1198.840868,1109.817834,611.1643447,-2.302326377,-2.291588737,0.598715752,-2.127226067,-2.061425563,0.496113762,0.124563648,0,0.248377326,2.568807339,2,0.820647582,cdc094cc6229a50ebf2caab4aaba7ef2,Chinese,Happy
21.07733333,18.75,0.285035629,0.620155039,0.131196038,0.107188745,0.105360969,0.143586675,0.127239193,0.108478899,81.30176126,98.37080551,32.9729081,85.02585791,98.94905284,30.96402364,-17.51497826,-17.42377958,1.905414166,-17.29849536,-17.17870107,1.880937561,86.28278095,95.95959596,24.94138218,96.93555665,98.52988866,16.69502354,-11.74232128,-11.48212104,2.775677841,-12.45859958,-12.18433385,2.627905232,0.040913394,0.036166991,0.039497355,0.071404652,0.06202807,0.037996539,0.077197908,0.067022327,0.042694261,13.47331642,13.35058631,3.466819824,248.1237213,200.4110435,276.8444394,220.8532961,202.5230816,193.6359658,0.11454459,0.037062545,0.194765764,0.031798557,0.028456135,0.019093264,479.6689406,340.38,430.0311433,101.885632,61.42379249,106.1241319,1622.85814,1430.51,775.6814401,179.6406197,146.9836884,129.5175559,2973.18062,2729.67,687.2901539,196.4207188,159.3798293,145.3498356,0.082914675,0.005883336,0.176007772,1.407082058,0.455119189,4.586184887,5.475925738,5.067294085,0.708308613,-24.41255676,-24.97220513,2.83284445,8.136691126,8.218935384,2.60203071,979.5160887,685.8571892,1091.295563,7.185470884,7.843208831,3.002051203,8.378085239,8.377636238,1.393038587,13.20554959,12.72525354,4.142601839,13.52294216,13.0978773,4.504860354,-0.107804015,-0.16694463,0.351467905,-0.161288263,-0.204305016,0.287797768,561.2403101,280,1074.450582,301.2605042,240,416.649393,142.8134598,103.5515101,298.9358707,527.3385013,220,954.3670537,262.8571429,200,390.8125105,798.6563307,340,1270.002347,416.5546218,320,526.8294418,1604.341085,740,1808.719745,1038.655462,540,1086.314502,23.48875727,23.40350735,2.150477725,22.7165926,22.78172842,1.706334091,1460.16978,1075.326975,1148.537839,1092.312075,980.7428031,593.2346337,-2.156207681,-2.12002316,0.602566481,-2.003837094,-1.981157031,0.545055652,0.052981815,0,0.149407315,2.355555556,2,0.773291535,cdc094cc6229a50ebf2caab4aaba7ef2,Chinese,Sad
11.264,6.95,0.213808463,0.527472527,0.197413831,0.177292667,0.174617146,0.204805983,0.180778325,0.166143059,93.70765693,105.3402748,33.54691358,94.09406861,105.4533742,32.15053235,-15.54528503,-15.6909701,1.611087371,-15.30895606,-15.62780708,1.681948668,89.62092018,89.33080808,25.00587091,97.44385343,95.48611111,21.53271266,-12.98560607,-12.90588982,1.980298844,-13.60347679,-13.56163199,1.921736333,0.021837095,0.007505031,0.027009845,0.049606879,0.04606754,0.021537554,0.057691682,0.053342687,0.021387511,12.16795368,12.26388909,2.696758535,128.0376387,121.6674084,31.22103527,123.0208016,119.8674768,22.03321864,0.361464811,0.252471692,0.313605835,0.067655274,0.057068261,0.049665576,784.2132967,573.205,676.119222,216.8549347,176.4265918,130.5740511,1879.527967,1581.415,807.2036478,262.4586785,215.1311748,135.8646096,3055.216044,2653.255,966.1631687,276.590475,254.0871502,146.5947667,0.080869486,0.000772299,0.189077119,0.367171983,0.252228158,0.243999901,5.016977785,5,0.079898514,-21.1486582,-21.41153029,2.735676117,6.881669048,7.333383442,2.493026947,1201.648621,1002.311956,743.1701436,5.419803297,6.279067185,4.422829467,7.894592562,7.980463329,2.428738039,11.33002431,10.72138925,4.132140783,12.28866992,11.59027418,4.248865371,-0.117831109,-0.175256981,0.332384564,-0.149079547,-0.201832473,0.304999871,606.9230769,140,1527.503428,202.5,120,166.8847696,116.9253756,117.6717898,18.71824126,735.1648352,300,1355.260969,325.2083333,240,635.5651926,1415.714286,590,2117.929064,709.7916667,480,1073.598944,2397.472527,1480,2786.478041,1452.916667,1010,1608.338742,23.72361165,24.05398056,2.106587708,22.7668242,23.07139183,1.832788584,2144.440442,1431.824911,1911.813314,1483.952346,1316.629595,1005.104755,-1.87178667,-1.917424464,0.313894138,-1.84399631,-1.872214826,0.299454668,0.104967442,0,0.190315492,2.27027027,2,0.508191163,ced41ba2591ce942fcd0f9a8b74b188a,Chinese,Neutral
5.461333333,3.275,0.313364055,0.731182796,0.263445782,0.169523731,0.255080393,0.312727,0.186866756,0.281086571,93.97349769,95.01353744,10.24960788,95.64970725,96.34109796,8.021046837,-14.19907502,-14.57936047,2.2507538,-13.57835562,-13.76139429,2.064725737,90.73360044,95.30490086,15.81133555,95.17577656,95.95959596,9.20428078,-11.0440476,-10.99233881,1.607436473,-11.1099612,-10.93975723,1.349624862,0.040806948,0.020810691,0.050222962,0.085811382,0.072826518,0.0473501,0.094693647,0.078776675,0.047788099,13.0712059,13.59032619,3.159879899,170.8242403,182.3165088,82.88481494,166.5331365,186.2476126,45.0510978,0.150949903,0.082552742,0.154375581,0.031173904,0.024702544,0.019291221,554.0370968,468.72,372.7625781,253.040364,246.6840656,139.9598417,1537.518172,1414.78,420.8915696,180.2835896,144.6236267,108.4611527,2534.192043,2286.4,615.9296173,238.8397983,207.9397183,142.1355701,0.071726393,0.005613201,0.138272847,0.736157965,0.868545172,0.466148257,5.018363741,5,0.077587071,-20.2312364,-21.11304784,3.40809844,6.013562918,6.617253955,2.894189058,1458.003047,1440.641774,801.6327528,9.019090089,9.37550607,3.113036502,9.279600578,9.585207682,2.840001388,10.54567644,9.769917595,4.495605703,11.29071764,10.16993324,4.50709515,-0.139380195,-0.172636659,0.341972496,-0.152369869,-0.172636659,0.310493495,162.1505376,180,52.04198686,170.1492537,180,48.91218282,97.24913226,96.12773004,11.39445943,164.3010753,180,45.57358716,165.0746269,180,44.63227309,318.4946237,260,143.1702106,311.9402985,260,136.5399132,888.172043,740,585.0844351,872.238806,700,522.2440533,23.95415585,24.08215403,1.728142711,23.87386467,24.03961254,1.350571336,823.4905746,790.6043018,288.9761253,807.3354105,746.3671615,247.4372393,-1.930066273,-2.003992664,0.354189689,-1.935914234,-2.003992664,0.348234992,0.062279976,0,0.15799829,2.071428571,2,0.267261242,d888ddddc7e648ffcd182b816eabbbd9,Chinese,Happy
8.618666667,6.525,0.297376093,0.772727273,0.160942489,0.070095152,0.195404894,0.154462677,0.04312854,0.194567965,73.9337055,94.54935644,41.07993092,75.70679072,96.61152056,42.27017222,-16.30917581,-16.25788206,1.269236564,-16.20128471,-16.12108337,1.196235548,88.59785439,95.38366117,25.58455448,92.8344852,98.0861244,25.13839259,-12.90326334,-12.68498807,2.263058925,-13.16947914,-12.76835499,2.27969665,0.040853971,0.021055201,0.056741481,0.093398092,0.079310401,0.060938287,0.104232223,0.086845384,0.064773123,11.61124625,11.53230978,2.889314373,156.7733379,127.653449,45.70425895,152.0811996,125.8993431,41.40100276,0.181961913,0.077926786,0.20231062,0.047942739,0.039493196,0.039536876,650.5692424,439.7,525.7761066,221.1357241,171.2572229,138.1202127,1925.626136,1816.335,600.4121641,216.8329852,193.0382902,116.9625432,2951.672879,2554.785,797.3590878,229.2964348,187.6423293,138.2540088,0.072925222,0.004526133,0.157165589,1.349435626,1.10713383,0.908239276,5.250145723,5,0.408097494,-18.24328003,-17.49992598,3.848430821,4.331098382,4.695652493,3.550094694,971.6603103,712.2169492,712.0222328,9.607801169,9.662200033,2.631010997,9.966196496,9.887278697,2.613689436,10.98346494,9.797509191,4.787736551,11.95843901,11.06937808,4.974776088,-0.127444136,-0.196475703,0.347685447,-0.152608342,-0.259896024,0.346841209,197.5757576,140,235.1290736,205.4,120,267.9944972,119.0566645,111.7372329,27.52577206,194.2424242,160,215.9237963,194.4,140,235.2403456,392.5757576,280,536.5618868,400.6,260,591.2729292,953.1818182,610,985.0356046,955.2,590,1018.642868,22.75367614,22.92551327,2.278684986,22.23210393,22.14179109,2.096039115,999.6435561,855.6774501,651.8699803,986.2191547,827.7420052,687.812557,-1.870089004,-1.871789509,0.330550753,-1.858900216,-1.861970868,0.344961971,0.182392914,0,0.257961244,2.454545455,2,0.761105238,d888ddddc7e648ffcd182b816eabbbd9,Chinese,Neutral
9.813333333,7.1,0.189258312,0.672727273,0.199806856,0.090885145,0.239194191,0.233340183,0.109747966,0.271168576,82.94643083,95.98983766,33.03782134,90.00757531,95.89232025,25.38225977,-15.05885656,-15.42807246,2.480364354,-14.60479098,-14.76087531,2.638611071,88.45565209,95.95959596,18.51207136,94.34731935,95.95959596,11.32164673,-12.10066537,-12.03631231,1.998495309,-12.27160649,-12.09136229,2.102792286,0.033947245,0.007515337,0.06159887,0.105081903,0.072834236,0.07909592,0.123421325,0.086635557,0.088895882,12.02299755,11.93111673,3.729121198,157.1716778,180.8180871,42.49131353,162.9909137,184.5680988,43.45206913,0.238999048,0.14448597,0.218445443,0.046590337,0.033689181,0.039722127,585.2608182,317.705,567.2581888,165.4018669,119.5757068,131.3398436,1900.441909,1837.605,478.2958096,222.3725174,183.7827978,128.5266169,2785.267909,2524.38,632.4235247,230.5464187,205.1317133,116.6385156,0.058642829,0.00032914,0.166452004,0.56430885,0.356022622,0.486066988,5.042939725,5,0.120613239,-19.22993074,-20.91202682,5.316629148,5.601278536,5.394670613,2.840408505,1106.62148,696.329188,1003.930335,8.874311403,9.525475651,3.316781525,9.924657434,10.33983536,2.328918431,11.98256518,9.96710819,6.351774716,13.25145435,11.110712,7.065743739,-0.094276623,-0.185617461,0.360427782,-0.142638785,-0.21921023,0.327959012,393.0909091,180,960.1125177,188.0555556,180,102.4026695,111.6992412,101.9493795,30.00589007,377.0909091,180,822.4636803,202.5,180,314.2249575,708.5454545,280,1286.179062,497.5,260,873.5289445,1414,750,1611.94065,1064.166667,610,1128.583495,23.37043529,23.28330155,1.810714197,22.85536817,22.38562388,1.688492884,1292.865877,912.4421841,1210.568387,1035.437348,845.9007656,763.5668779,-1.950153014,-1.946348283,0.38408369,-1.925647261,-1.901687932,0.37426407,0.168589929,0,0.249834043,2.4,2,0.81167945,d888ddddc7e648ffcd182b816eabbbd9,Chinese,Sad
16.21333333,14.275,0.483771252,0.767156863,0.142668218,0.107894584,0.1159314,0.137422031,0.090153956,0.1254185,22.74102088,14.06296403,31.96657511,24.09630764,14.12546744,35.09378255,-16.55224383,-16.25942469,1.870389819,-16.61694056,-16.25942469,1.95340349,69.27667054,62.65440786,28.44551434,71.72557903,67.28273447,29.79201507,-17.90705053,-18.3977351,4.542336426,-19.25847604,-19.73528972,3.998043354,0.038267032,0.034504268,0.035002873,0.058148708,0.052462713,0.029394775,0.063087437,0.058331675,0.030265554,9.498113576,9.354188869,1.327386089,339.4423808,207.8171842,540.8729682,217.6922909,207.0387356,158.0177755,0.431328859,0.452378955,0.174615064,0.276291318,0.260839181,0.092588803,830.4684559,497.065,860.2899325,217.6010777,188.5286537,145.642022,2621.049706,2195.45,1768.76065,262.8447097,245.0149846,159.626157,4263.525343,3413.445,2461.567958,325.0636031,329.7838999,153.4585315,0.06456888,0.003948762,0.139145512,0.500586214,0.251374399,0.809471596,5.567179071,5.06215749,1.248941806,-21.45320397,-21.75403102,3.402449666,1.906488867,1.745559893,2.701032337,1088.977134,952.1418461,1440.572011,9.475935063,11.30880193,5.177741537,11.55098627,12.06801397,2.575209478,6.444870317,6.209711983,2.171060709,6.613368992,6.386345212,2.149782369,-0.123367016,-0.159128873,0.332862372,-0.128018227,-0.159128873,0.31888419,1716.127451,210,4584.371239,242.3076923,200,310.4479621,268.172383,204.9208636,426.9893877,1309.754902,220,2193.388757,347.6923077,220,706.4551662,2609.558824,610,3616.130909,1121.346154,500,2020.271411,9475,8940,6145.602731,8148.397436,6510,5957.058338,19.9886276,18.95966781,3.269122381,18.70184929,18.46884888,2.235114936,6373.184787,5529.28919,2567.100639,5425.617293,5027.00838,1748.345334,-0.060656187,-0.049309042,0.252945168,-0.025329558,-0.010898086,0.199680316,0.512147505,0.531965448,0.17586573,3.161290323,3,1.111772083,e232a4c674df8b79582d791689ec2bb0,Chinese,Happy
30.12266667,28.9,0.472984206,0.757656458,0.107103035,0.09878926,0.086538547,0.102306445,0.092030906,0.084733808,46.34920505,14.47068166,57.37242201,50.60231692,14.48451778,61.09648154,-17.63249594,-17.65527327,2.066067069,-17.75886766,-17.65290838,2.085418826,86.95309306,80.7660633,38.57157308,92.68780961,90.35445974,39.26182101,-18.84042638,-18.62128493,5.092984612,-20.18803368,-20.99076964,4.596666878,0.045933338,0.038885436,0.045805686,0.070186321,0.059578735,0.042078834,0.076811042,0.066446902,0.044948398,9.955131083,9.836152029,1.697262187,237.2478171,192.8666364,222.558394,197.2787455,192.4010461,16.32666095,0.402757185,0.378973311,0.214586753,0.221649214,0.200448512,0.097150569,834.0686951,523.01,794.404498,206.5407475,165.3495401,139.4692864,2261.379814,1887.47,1441.836756,236.3722173,201.3837619,156.3204892,4092.539667,3516.225,2162.3664,308.4815246,302.525658,158.4369074,0.0779329,0.006211798,0.161272072,0.232233955,0.169355995,0.205998053,5.746801683,5.365740924,1.32669588,-22.50577574,-22.60173771,1.793639261,1.189564434,1.080212577,3.191011792,969.0667899,892.2586797,471.5828198,9.334138502,11.33941594,5.523030009,11.51114787,12.30107272,2.844706852,7.624510374,7.179437879,2.536355058,7.680993866,7.212752269,2.599725879,-0.12748721,-0.200394776,0.333197482,-0.129205139,-0.201643132,0.320675828,664.4474035,200,1423.834422,212.7659574,200,98.70282205,195.5921763,190.392701,16.70245707,926.4447403,200,1566.699464,280.6382979,200,389.5084351,1761.944075,480,2672.058672,711.2765957,380,1316.689077,4657.523302,1880,4880.092102,3116.737589,1380,3792.254703,19.81624371,19.02990003,3.274743373,18.63895662,18.37582646,2.193181197,4440.105437,3628.852056,2320.458571,3569.778447,3242.903096,1445.564522,-0.240231684,-0.22670148,0.302740764,-0.176934934,-0.169310159,0.278119654,0.424999924,0.440878153,0.21578345,2.922794118,3,0.913130483,e232a4c674df8b79582d791689ec2bb0,Chinese,Sad
3.242666667,3.225,0.3125,0.740740741,0.1610995,0.080883354,0.195927833,0.144035887,0.080883354,0.1834091,61.78255471,50.63111456,52.72485756,72.13006201,76.37527667,52.99962271,-15.72014086,-15.29404061,1.874089568,-15.30897161,-14.63078323,1.790061485,106.6554654,111.7076275,31.4375428,112.5481244,115.6844031,28.36719099,-15.24672451,-16.08705396,2.911672207,-15.76131191,-16.17885071,2.502251938,0.044018454,0.017739262,0.061090488,0.096155255,0.068266948,0.063782927,0.107550768,0.076569661,0.067845861,15.04648626,15.8372954,4.643208394,163.4047029,145.6711834,58.44624294,156.0739446,145.5463922,54.80484002,0.204106896,0.171489542,0.153106315,0.076686067,0.059566015,0.053435279,675.3837037,397.23,818.2182237,137.2822246,113.1947617,113.1833539,2120.183148,2200.845,944.8979698,208.5224531,169.3552885,138.6865475,3225.567593,2683.75,1275.093606,273.0632186,270.6507632,115.8915292,0.054429354,0.002421867,0.13096856,0.189202848,0.129267304,0.146540987,10.51876695,11.06575899,3.660635193,-24.55713953,-24.8822595,1.387865586,7.638112498,8.479078048,3.692328049,2045.925896,2215.042507,1445.134075,6.898714101,7.164347648,4.286715797,8.436254383,8.360251374,2.839308212,12.411777,10.29083312,6.230232394,13.58877285,11.02382288,6.598386815,-0.115586744,-0.204386914,0.407457412,-0.143881551,-0.219582972,0.418828105,524.0740741,290,1304.594954,291,300,146.3364581,134.9268641,141.389527,14.82794468,735.1851852,290,1271.124507,451,290,645.5838145,1190.740741,450,1987.043743,774,440,1148.619684,2579.62963,1560,2862.263231,2178.5,1580,2057.00498,21.7140624,21.75600996,2.397835814,21.06411896,21.05212343,2.039628299,2102.358401,1568.584274,1917.552866,1756.085389,1568.584274,1192.510329,-1.877534713,-1.904043491,0.384556522,-1.948195541,-1.972247159,0.375370045,0.145876756,0,0.221721229,2.470588235,2,0.514495755,f21f5a5bbd53688452e9829e10543288,Chinese,Happy
12.35301587,8.271269841,0.261663286,0.854304636,0.083574333,0.004444612,0.175931915,0.094253885,0.004721922,0.190311213,87.91565486,113.013771,56.15353482,89.36426986,114.2079496,56.66489052,-16.50733013,-16.25510438,1.532854674,-16.35109861,-16.08393569,1.447568748,112.5098284,120.8702882,36.05722198,119.3014565,133.2165894,33.86881919,-15.69946475,-15.53530887,2.391212749,-16.06696476,-15.74951806,2.241921453,0.020361279,0.004590535,0.031099349,0.057210555,0.048167351,0.033075243,0.059423943,0.049631497,0.034788846,12.60919885,12.97443007,3.259199638,142.124665,141.9467595,11.76737161,142.2420881,142.1612576,11.88700344,0.412564013,0.304029846,0.341127599,0.070570656,0.057217116,0.049434102,797.6386755,514.59,655.3095973,196.6942214,175.8003019,133.2366884,1807.161589,1532.96,667.2659237,182.8369352,137.515854,141.6870452,2939.561192,2597.11,823.3054382,180.2827942,129.5398628,143.0001937,0.050381311,2.91E-05,0.154860944,0.103705662,0.073777517,0.080148858,5.703526504,5.002268603,1.164226268,-23.8108927,-23.88173477,2.171821919,6.486561729,6.875187836,3.522307005,2057.642282,1766.722525,1199.180289,7.832589675,8.726578589,4.235502358,9.366238708,9.666958623,2.487064604,12.56806014,11.76976789,5.14609526,12.93997214,12.50258063,5.443996326,-0.11522716,-0.142366238,0.376017126,-0.120627837,-0.149113084,0.367500988,325.0480763,160.0725953,497.0256601,284.9679468,160.0725953,416.7593704,140.7514707,140.7118348,11.60196166,524.078737,300.1361162,742.2034894,379.3655963,280.1270417,513.2147812,974.8792082,580.2631579,1088.513654,750.3402904,520.2359347,744.0503818,2228.692864,1580.716878,2304.041065,1783.873529,1540.69873,1551.017397,20.97223622,20.65268748,2.377697203,20.40057914,20.34156911,2.01785985,2038.570153,1658.682317,1411.386226,1754.747018,1598.395325,999.1478101,-1.770619314,-1.798123631,0.29824959,-1.750448252,-1.786755729,0.298530896,0.117434987,0,0.202500049,2.558139535,3,0.502485517,fc6250bbd10257eb19a1f930462fd1ee,Chinese,Neutral